{
  "type": "minecraft:block",
  "pools": [
    {
      "bonus_rolls": 0.0,
      "conditions": [
        {
          "condition": "minecraft:survives_explosion"
        }
      ],
      "entries": [
        {
          "type": "minecraft:item",
          "conditions": [
            {
              "block": "minecraft:iron_door",
              "condition": "minecraft:block_state_property",
              "properties": {
                "half": "lower"
              }
            }
          ],
          "name": "minecraft:iron_door"
        }
      ],
      "rolls": 1.0
    }
  ]
}