{
  "type": "minecraft:block",
  "functions": [
    {
      "function": "minecraft:explosion_decay"
    }
  ],
  "pools": [
    {
      "bonus_rolls": 0.0,
      "conditions": [
        {
          "block": "minecraft:mangrove_propagule",
          "condition": "minecraft:block_state_property",
          "properties": {
            "age": "4"
          }
        }
      ],
      "entries": [
        {
          "type": "minecraft:item",
          "name": "minecraft:mangrove_propagule"
        }
      ],
      "rolls": 1.0
    }
  ]
}