{
  "type": "minecraft:block",
  "pools": [
    {
      "bonus_rolls": 0.0,
      "entries": [
        {
          "type": "minecraft:item",
          "functions": [
            {
              "add": false,
              "conditions": [
                {
                  "block": "minecraft:gray_candle",
                  "condition": "minecraft:block_state_property",
                  "properties": {
                    "candles": "2"
                  }
                }
              ],
              "count": 2.0,
              "function": "minecraft:set_count"
            },
            {
              "add": false,
              "conditions": [
                {
                  "block": "minecraft:gray_candle",
                  "condition": "minecraft:block_state_property",
                  "properties": {
                    "candles": "3"
                  }
                }
              ],
              "count": 3.0,
              "function": "minecraft:set_count"
            },
            {
              "add": false,
              "conditions": [
                {
                  "block": "minecraft:gray_candle",
                  "condition": "minecraft:block_state_property",
                  "properties": {
                    "candles": "4"
                  }
                }
              ],
              "count": 4.0,
              "function": "minecraft:set_count"
            },
            {
              "function": "minecraft:explosion_decay"
            }
          ],
          "name": "minecraft:gray_candle"
        }
      ],
      "rolls": 1.0
    }
  ]
}