{
  "type": "minecraft:block",
  "pools": [
    {
      "bonus_rolls": 0.0,
      "entries": [
        {
          "type": "minecraft:item",
          "functions": [
            {
              "add": false,
              "conditions": [
                {
                  "block": "minecraft:melon_stem",
                  "condition": "minecraft:block_state_property",
                  "properties": {
                    "age": "0"
                  }
                }
              ],
              "count": {
                "type": "minecraft:binomial",
                "n": 3.0,
                "p": 0.06666667
              },
              "function": "minecraft:set_count"
            },
            {
              "add": false,
              "conditions": [
                {
                  "block": "minecraft:melon_stem",
                  "condition": "minecraft:block_state_property",
                  "properties": {
                    "age": "1"
                  }
                }
              ],
              "count": {
                "type": "minecraft:binomial",
                "n": 3.0,
                "p": 0.13333334
              },
              "function": "minecraft:set_count"
            },
            {
              "add": false,
              "conditions": [
                {
                  "block": "minecraft:melon_stem",
                  "condition": "minecraft:block_state_property",
                  "properties": {
                    "age": "2"
                  }
                }
              ],
              "count": {
                "type": "minecraft:binomial",
                "n": 3.0,
                "p": 0.2
              },
              "function": "minecraft:set_count"
            },
            {
              "add": false,
              "conditions": [
                {
                  "block": "minecraft:melon_stem",
                  "condition": "minecraft:block_state_property",
                  "properties": {
                    "age": "3"
                  }
                }
              ],
              "count": {
                "type": "minecraft:binomial",
                "n": 3.0,
                "p": 0.26666668
              },
              "function": "minecraft:set_count"
            },
            {
              "add": false,
              "conditions": [
                {
                  "block": "minecraft:melon_stem",
                  "condition": "minecraft:block_state_property",
                  "properties": {
                    "age": "4"
                  }
                }
              ],
              "count": {
                "type": "minecraft:binomial",
                "n": 3.0,
                "p": 0.33333334
              },
              "function": "minecraft:set_count"
            },
            {
              "add": false,
              "conditions": [
                {
                  "block": "minecraft:melon_stem",
                  "condition": "minecraft:block_state_property",
                  "properties": {
                    "age": "5"
                  }
                }
              ],
              "count": {
                "type": "minecraft:binomial",
                "n": 3.0,
                "p": 0.4
              },
              "function": "minecraft:set_count"
            },
            {
              "add": false,
              "conditions": [
                {
                  "block": "minecraft:melon_stem",
                  "condition": "minecraft:block_state_property",
                  "properties": {
                    "age": "6"
                  }
                }
              ],
              "count": {
                "type": "minecraft:binomial",
                "n": 3.0,
                "p": 0.46666667
              },
              "function": "minecraft:set_count"
            },
            {
              "add": false,
              "conditions": [
                {
                  "block": "minecraft:melon_stem",
                  "condition": "minecraft:block_state_property",
                  "properties": {
                    "age": "7"
                  }
                }
              ],
              "count": {
                "type": "minecraft:binomial",
                "n": 3.0,
                "p": 0.53333336
              },
              "function": "minecraft:set_count"
            }
          ],
          "name": "minecraft:melon_seeds"
        }
      ],
      "functions": [
        {
          "function": "minecraft:explosion_decay"
        }
      ],
      "rolls": 1.0
    }
  ]
}